Year, State, Pollutant, Yearly Toal Max 8-hour Pollutant Concentration, Yearly Total Pollutant AQI VALUE, Yearly Total Pollutant OBS COUNT, Yearly Average Percent Complete
1999,1,Carbon monoxide,2452.6,27933,32887,99.72925764
1999,2,Carbon monoxide,3418.7,38531,29318,99.63784666
1999,4,Carbon monoxide,10415,118006,131643,99.29580014
1999,5,Carbon monoxide,637.5,7246,8634,99.93055556
1999,6,Carbon monoxide,34497.7,390915,702553,99.70894785
1999,8,Carbon monoxide,8175.6,93077,141355,99.79295154
1999,9,Carbon monoxide,2219.9,25261,42044,99.53579545
1999,10,Carbon monoxide,464.7,5302,14858,99.8516129
1999,11,Carbon monoxide,1126,12816,17426,99.87345254
1999,12,Carbon monoxide,8716.2,99186,202386,99.65410069
1999,13,Carbon monoxide,881.8,10030,16845,99.69744318
1999,15,Carbon monoxide,839,9327,31811,99.58302029
1999,16,Carbon monoxide,2303.1,26174,26138,99.91559633
1999,17,Carbon monoxide,4734.8,53818,86172,99.81873784
1999,18,Carbon monoxide,2459.6,27961,53715,99.64870882
1999,19,Carbon monoxide,1653.6,18775,42248,99.79138322
1999,20,Carbon monoxide,1754.4,19900,43479,99.75770925
1999,21,Carbon monoxide,3258.3,36726,93171,99.79717224
1999,22,Carbon monoxide,1126.7,12835,24564,98.50721848
1999,24,Carbon monoxide,682,7765,14083,99.62308998
1999,25,Carbon monoxide,3053.7,34773,66964,99.12042629
1999,26,Carbon monoxide,2029.6,23089,64466,99.52093368
1999,27,Carbon monoxide,3183.1,36055,78246,99.7622399
1999,28,Carbon monoxide,450.4,5016,17095,99.62097902
1999,29,Carbon monoxide,4168.4,47416,95755,99.84434434
1999,30,Carbon monoxide,3456.6,39308,57701,99.71837412
1999,31,Carbon monoxide,1446.7,16387,25958,99.86888273
1999,32,Carbon monoxide,10549.8,119406,184390,99.79075205
1999,33,Carbon monoxide,858.8,9739,15681,99.44444444
1999,34,Carbon monoxide,6477.4,73588,106926,99.7818589
1999,35,Carbon monoxide,3805.2,43340,88959,99.82790197
1999,36,Carbon monoxide,6652.2,75737,140961,99.34641407
1999,37,Carbon monoxide,5424.5,61709,105305,99.60726447
1999,39,Carbon monoxide,5494.4,62696,144814,99.65152766
1999,40,Carbon monoxide,2210.2,25075,56128,99.7721843
1999,41,Carbon monoxide,6014.5,68310,67675,99.77990092
1999,42,Carbon monoxide,7216.9,81309,228197,99.71840587
1999,44,Carbon monoxide,673.9,7672,14511,97.99513776
1999,45,Carbon monoxide,1053.8,12018,22537,99.47457627
1999,47,Carbon monoxide,4924,55893,93069,99.60955561
1999,48,Carbon monoxide,7313.3,82911,148346,99.07132553
1999,49,Carbon monoxide,4394.9,49912,55895,99.78277635
1999,50,Carbon monoxide,502.8,5702,16003,99.81886228
1999,51,Carbon monoxide,3517.5,39996,98929,99.70996613
1999,53,Carbon monoxide,12342.2,140262,159633,99.89996996
1999,54,Carbon monoxide,1271.1,14432,36711,99.84399478
1999,55,Carbon monoxide,1808.1,20419,60193,99.76252983
1999,72,Carbon monoxide,1891.5,21250,16691,99.77905308
2000,1,Carbon monoxide,2304.3,26206,33782,99.82978723
2000,2,Carbon monoxide,3081,34878,30001,99.60318725
2000,4,Carbon monoxide,9140.7,103800,129095,99.53626943
2000,5,Carbon monoxide,549.9,6256,8774,99.8852459
2000,6,Carbon monoxide,31221.2,353754,731740,99.67810906
2000,8,Carbon monoxide,7242.6,82538,142137,99.83715442
2000,9,Carbon monoxide,2102.6,23933,42248,99.56561086
2000,10,Carbon monoxide,502.5,5712,16413,99.68950437
2000,11,Carbon monoxide,1125.5,12813,17409,99.77716644
2000,12,Carbon monoxide,8001.5,91039,196304,99.68702011
2000,13,Carbon monoxide,759.6,8652,17059,99.69284712
2000,15,Carbon monoxide,887.8,9900,34103,99.71578947
2000,16,Carbon monoxide,1964.8,22328,26048,99.84636615
2000,17,Carbon monoxide,3973.8,45125,85839,99.79436384
2000,18,Carbon monoxide,2550.8,28945,61051,99.71736574
2000,19,Carbon monoxide,1333.3,15074,42647,99.88476672
2000,20,Carbon monoxide,1707.7,19356,46005,99.68018721
2000,21,Carbon monoxide,2425.9,27002,94768,99.78872884
2000,22,Carbon monoxide,1074.3,12235,24904,97.70998117
2000,24,Carbon monoxide,284.4,3248,7419,99.08012821
2000,25,Carbon monoxide,2498,28483,66306,99.4170565
2000,26,Carbon monoxide,1633.6,18460,63664,99.49924981
2000,27,Carbon monoxide,2966.9,33478,83045,99.71729107
2000,28,Carbon monoxide,232.2,2612,8496,99.43820225
2000,29,Carbon monoxide,4020.9,45671,103518,99.86640426
2000,30,Carbon monoxide,2869.9,32634,52635,99.7788899
2000,31,Carbon monoxide,986.5,11228,25882,99.7613321
2000,32,Carbon monoxide,9286.2,105159,192736,99.85849291
2000,33,Carbon monoxide,703.2,8006,16294,99.69162996
2000,34,Carbon monoxide,5636.6,64143,106924,99.89147982
2000,35,Carbon monoxide,3489.3,39750,89554,99.74391874
2000,36,Carbon monoxide,5860,66665,136972,99.35828691
2000,37,Carbon monoxide,3874.9,44121,85797,99.41212458
2000,39,Carbon monoxide,4901.5,55839,133696,99.70735636
2000,40,Carbon monoxide,2128.8,24015,64395,99.70754366
2000,41,Carbon monoxide,5648.9,64203,67881,99.76507937
2000,42,Carbon monoxide,6100.1,68794,215394,99.75225075
2000,44,Carbon monoxide,686.6,7812,14797,97.86349206
2000,45,Carbon monoxide,996,11393,24841,99.61886429
2000,47,Carbon monoxide,3821.7,43503,80801,99.63539509
2000,48,Carbon monoxide,7122.9,80945,164415,99.52927503
2000,49,Carbon monoxide,4291.4,48799,59249,99.70436187
2000,50,Carbon monoxide,371.2,4180,11818,99.27822581
2000,51,Carbon monoxide,3366.4,38212,102169,99.8126612
2000,53,Carbon monoxide,11019.9,125242,151836,99.86550908
2000,54,Carbon monoxide,1248.5,14194,34201,99.72218335
2000,55,Carbon monoxide,1643.3,18402,70199,99.86172755
2000,72,Carbon monoxide,1956.7,22216,19390,99.74320988
2001,1,Carbon monoxide,2437.1,27709,25534,99.80393996
2001,2,Carbon monoxide,2943.6,33362,29457,99.7034931
2001,4,Carbon monoxide,8211.3,93462,133270,99.58500717
2001,5,Carbon monoxide,392.3,4480,8527,99.80337079
2001,6,Carbon monoxide,28222.4,319736,716431,99.61544365
2001,8,Carbon monoxide,6527.4,74296,132347,99.75506512
2001,9,Carbon monoxide,2148.7,24487,42025,99.66021628
2001,10,Carbon monoxide,440.2,4994,15848,99.74773414
2001,11,Carbon monoxide,1013.5,11545,17202,99.82451253
2001,12,Carbon monoxide,6800.5,77440,175735,99.6766948
2001,13,Carbon monoxide,757.2,8630,16620,99.64028777
2001,15,Carbon monoxide,908.1,10186,33991,99.66854328
2001,16,Carbon monoxide,1871.4,21310,25702,99.80521901
2001,17,Carbon monoxide,3629.1,41358,77669,99.82109809
2001,18,Carbon monoxide,1719.2,19556,42585,99.8525605
2001,19,Carbon monoxide,1400.5,15771,41839,99.78706354
2001,20,Carbon monoxide,964.4,10795,33868,99.79915134
2001,21,Carbon monoxide,2297.6,25700,79381,99.71419958
2001,22,Carbon monoxide,1144.5,13052,24366,98.47332687
2001,23,Carbon monoxide,65.1,720,3661,99.69934641
2001,24,Carbon monoxide,505.5,5764,16399,99.60495627
2001,25,Carbon monoxide,2508.7,28594,72357,99.37112722
2001,26,Carbon monoxide,1362.1,15264,59192,99.81060299
2001,27,Carbon monoxide,2675.8,30147,84108,99.70042674
2001,28,Carbon monoxide,270.7,3065,8160,99.70674487
2001,29,Carbon monoxide,2523.4,28617,70352,99.80660538
2001,30,Carbon monoxide,2928.2,33282,55898,99.66195978
2001,31,Carbon monoxide,983.5,11171,25458,99.78739417
2001,32,Carbon monoxide,9024.3,102326,198944,99.84690436
2001,33,Carbon monoxide,632.4,7195,16773,99.69472183
2001,34,Carbon monoxide,4903.9,55803,103958,99.69367089
2001,35,Carbon monoxide,2525,28776,62039,99.57395994
2001,36,Carbon monoxide,5062.6,57588,135039,99.40918728
2001,37,Carbon monoxide,3176.2,36223,74222,99.56793303
2001,39,Carbon monoxide,4669.9,53320,136901,99.70582066
2001,40,Carbon monoxide,2386.4,26817,74489,99.66955684
2001,41,Carbon monoxide,5079.1,57739,67667,99.80318584
2001,42,Carbon monoxide,6003.8,67760,215029,99.73850607
2001,44,Carbon monoxide,664.6,7590,15606,97.78345865
2001,45,Carbon monoxide,965.7,11038,25346,99.72426818
2001,47,Carbon monoxide,3141.9,35713,67263,99.70117396
2001,48,Carbon monoxide,6883.4,78127,169778,99.59284809
2001,49,Carbon monoxide,3600.9,40997,58855,99.76647681
2001,50,Carbon monoxide,237.2,2666,8068,99.16519174
2001,51,Carbon monoxide,3134,35597,96623,99.72628189
2001,53,Carbon monoxide,8873.1,100866,135123,99.84199326
2001,54,Carbon monoxide,1243.6,14128,33437,99.51642857
2001,55,Carbon monoxide,1106.5,12482,42786,99.70525727
2001,56,Carbon monoxide,16.8,168,1339,99.625
2001,72,Carbon monoxide,2100.9,23899,23950,99.89089089
2002,1,Carbon monoxide,1438.3,16318,28643,99.78762542
2002,2,Carbon monoxide,2229.7,25324,26238,99.65633546
2002,4,Carbon monoxide,7833.9,89219,131957,99.67657723
2002,5,Carbon monoxide,309.3,3505,8262,99.7826087
2002,6,Carbon monoxide,27259.3,308481,743108,99.62176249
2002,8,Carbon monoxide,4911.8,55945,104931,99.79662178
2002,9,Carbon monoxide,2191.8,24962,41605,99.57208501
2002,10,Carbon monoxide,416.4,4699,16856,99.76278409
2002,11,Carbon monoxide,1022.2,11657,17357,99.75310345
2002,12,Carbon monoxide,6337.2,72154,173937,99.59213962
2002,13,Carbon monoxide,677.4,7667,19336,99.5908529
2002,15,Carbon monoxide,933.3,10502,34759,99.67584308
2002,16,Carbon monoxide,1024.4,11669,21736,99.74449339
2002,17,Carbon monoxide,3533.1,40270,78309,99.87327824
2002,18,Carbon monoxide,1747.2,19910,42127,99.78908471
2002,19,Carbon monoxide,1327,14972,43507,99.87768595
2002,20,Carbon monoxide,1157.2,12952,36908,99.79364049
2002,21,Carbon monoxide,1338.4,15006,47061,99.63719512
2002,22,Carbon monoxide,905,10306,23601,98.8321608
2002,23,Carbon monoxide,132.4,1408,8265,98.95689655
2002,24,Carbon monoxide,587.3,6690,17240,99.63106796
2002,25,Carbon monoxide,2324.5,26451,70135,99.36348181
2002,26,Carbon monoxide,1499.2,16768,62866,99.74904798
2002,27,Carbon monoxide,2149.9,24119,76271,99.71572011
2002,28,Carbon monoxide,228.5,2572,8747,99.85205479
2002,29,Carbon monoxide,2031.9,23023,56363,99.7642311
2002,30,Carbon monoxide,2761.9,31393,62941,99.67996959
2002,31,Carbon monoxide,955.1,10864,24790,99.7027027
2002,32,Carbon monoxide,8192.2,92786,182655,99.83707202
2002,33,Carbon monoxide,480.3,5457,17405,99.89118457
2002,34,Carbon monoxide,4314.4,49101,104094,99.7752473
2002,35,Carbon monoxide,2230,25435,67185,99.37344693
2002,36,Carbon monoxide,3525.3,40069,109291,99.18884775
2002,37,Carbon monoxide,2579.9,29333,62845,99.56425856
2002,39,Carbon monoxide,4327.2,49307,136721,99.73196779
2002,40,Carbon monoxide,2056.4,23022,72614,99.72247858
2002,41,Carbon monoxide,4708.7,53570,65958,99.82637123
2002,42,Carbon monoxide,4935.9,55373,209459,99.76520348
2002,44,Carbon monoxide,599.2,6822,14697,98.76935484
2002,45,Carbon monoxide,820.7,9368,25179,99.63152896
2002,47,Carbon monoxide,3093.7,35020,75716,99.5214511
2002,48,Carbon monoxide,5813.9,65947,169988,99.72965362
2002,49,Carbon monoxide,3537,40272,58806,99.76425081
2002,50,Carbon monoxide,312.1,3561,8370,99.35897436
2002,51,Carbon monoxide,2787.5,31652,98702,99.77122756
2002,53,Carbon monoxide,7601.8,86454,122500,99.82691179
2002,54,Carbon monoxide,2052.9,23296,34489,99.79444444
2002,55,Carbon monoxide,926.3,10477,34246,99.78391608
2002,56,Carbon monoxide,88.6,993,4354,99.13114754
2002,72,Carbon monoxide,1835.3,20888,21899,99.72131148
2003,1,Carbon monoxide,1067.1,12078,31906,99.88054095
2003,2,Carbon monoxide,1992.9,22620,28395,99.67228307
2003,4,Carbon monoxide,6961.7,79348,128596,99.74218168
2003,5,Carbon monoxide,258,2921,8581,99.87150838
2003,6,Carbon monoxide,25040.8,283431,745429,99.43104552
2003,8,Carbon monoxide,4724.4,53809,108594,99.77309813
2003,9,Carbon monoxide,2077.4,23651,42331,99.87429219
2003,10,Carbon monoxide,423.1,4767,17053,99.79494382
2003,11,Carbon monoxide,915.7,10442,17085,99.84151473
2003,12,Carbon monoxide,6629.9,75423,182007,99.60086682
2003,13,Carbon monoxide,806.8,9217,26144,99.66514181
2003,15,Carbon monoxide,1056.1,11950,34337,99.69965157
2003,16,Carbon monoxide,1345.1,15277,25360,99.87523629
2003,17,Carbon monoxide,2783,31738,69205,99.84522161
2003,18,Carbon monoxide,1712.9,19499,43914,99.49809679
2003,19,Carbon monoxide,1250.7,14095,41614,99.87903226
2003,20,Carbon monoxide,830.1,9248,32689,99.78315018
2003,21,Carbon monoxide,812.3,9159,25501,99.76901408
2003,22,Carbon monoxide,1103.3,12576,25287,98.74695408
2003,23,Carbon monoxide,91.9,987,5808,98.38617886
2003,24,Carbon monoxide,514.5,5852,17295,99.80886427
2003,25,Carbon monoxide,1218.2,13887,38386,99.03343653
2003,26,Carbon monoxide,1258.4,14074,58211,99.64913722
2003,27,Carbon monoxide,1570.2,17497,64244,99.76966083
2003,28,Carbon monoxide,234.7,2667,8614,99.69722222
2003,29,Carbon monoxide,1396,15827,41699,99.85344828
2003,30,Carbon monoxide,2766.3,31437,61343,99.68798752
2003,31,Carbon monoxide,922.8,10513,25788,99.8605948
2003,32,Carbon monoxide,7054.1,79924,160074,99.831163
2003,33,Carbon monoxide,580.4,6615,16890,99.67988669
2003,34,Carbon monoxide,3846.6,43679,94937,99.79086781
2003,35,Carbon monoxide,2274.9,25867,73955,99.4333656
2003,36,Carbon monoxide,3531.7,40168,105224,99.48468346
2003,37,Carbon monoxide,2193.6,25015,53456,99.52323503
2003,39,Carbon monoxide,4382.1,49849,136347,99.75627744
2003,40,Carbon monoxide,1498.4,16683,59782,99.636
2003,41,Carbon monoxide,4148.7,47211,64157,99.85730295
2003,42,Carbon monoxide,4892.1,54692,206855,99.69832273
2003,44,Carbon monoxide,535.4,6105,14842,98.62998405
2003,45,Carbon monoxide,857,9696,31931,99.58458084
2003,47,Carbon monoxide,2431.3,27592,55903,99.54145299
2003,48,Carbon monoxide,6128.8,69664,170866,99.62762385
2003,49,Carbon monoxide,2996,34160,56473,99.78880407
2003,50,Carbon monoxide,414,4721,13867,99.4475043
2003,51,Carbon monoxide,2636.5,29909,94766,99.78695982
2003,53,Carbon monoxide,5251.8,59762,86121,99.81502086
2003,54,Carbon monoxide,1714.7,19454,34790,99.90213646
2003,55,Carbon monoxide,471.1,5344,18174,99.63684211
2003,56,Carbon monoxide,72.8,820,3863,99.36419753
2003,72,Carbon monoxide,1271.8,14469,13605,99.80105634
2004,1,Carbon monoxide,1082.5,12209,26253,99.89680365
2004,2,Carbon monoxide,1912.6,21702,25138,99.6565176
2004,4,Carbon monoxide,5927.5,67603,132918,99.69810981
2004,5,Carbon monoxide,205.9,2334,8726,99.88461538
2004,6,Carbon monoxide,21523.6,242521,716060,99.29963058
2004,8,Carbon monoxide,4718.2,53776,123282,99.78108003
2004,9,Carbon monoxide,1498.9,17087,33734,99.75727466
2004,10,Carbon monoxide,411.2,4633,17042,99.87060478
2004,11,Carbon monoxide,735.2,8395,17375,99.85517241
2004,12,Carbon monoxide,6271.9,71289,176143,99.69125238
2004,13,Carbon monoxide,655.3,7455,24088,99.56944444
2004,15,Carbon monoxide,960.3,10905,32066,99.63310962
2004,16,Carbon monoxide,1043.3,11889,17174,99.94134078
2004,17,Carbon monoxide,2705.4,30836,69521,99.85177525
2004,18,Carbon monoxide,2365.7,26889,67404,99.73401989
2004,19,Carbon monoxide,1276.9,14307,43473,99.85501654
2004,20,Carbon monoxide,859.2,9652,33574,99.70848182
2004,21,Carbon monoxide,621.3,7060,17068,99.74474053
2004,22,Carbon monoxide,947.6,10783,25658,99.72761194
2004,23,Carbon monoxide,132.5,1374,9480,98.50374065
2004,24,Carbon monoxide,483.4,5472,17234,99.87204451
2004,25,Carbon monoxide,932.9,10512,41305,99.42403235
2004,26,Carbon monoxide,1235.4,13732,58939,99.78870378
2004,27,Carbon monoxide,1352.7,15000,60356,99.79444444
2004,28,Carbon monoxide,200.9,2255,8448,99.71671388
2004,29,Carbon monoxide,976.8,11013,34492,99.80277778
2004,30,Carbon monoxide,2239.7,25397,57143,99.66722478
2004,31,Carbon monoxide,866.6,9877,25603,99.79326473
2004,32,Carbon monoxide,6310.2,71668,138060,99.86944444
2004,33,Carbon monoxide,533.6,6033,17201,99.68011127
2004,34,Carbon monoxide,3322.5,37781,91794,99.78398122
2004,35,Carbon monoxide,2236.8,25202,88523,99.55357625
2004,36,Carbon monoxide,2889.2,32790,101129,99.47308782
2004,37,Carbon monoxide,1979.1,22548,55419,99.53103448
2004,39,Carbon monoxide,3970.8,45266,128071,99.70590433
2004,40,Carbon monoxide,975,10475,56516,99.61167513
2004,41,Carbon monoxide,3852.2,43882,64775,99.84942656
2004,42,Carbon monoxide,4893.3,54844,213570,99.72845456
2004,44,Carbon monoxide,476,5427,15479,98.31707317
2004,45,Carbon monoxide,740.3,8277,32593,99.56304985
2004,47,Carbon monoxide,1846.7,21061,46766,99.46707504
2004,48,Carbon monoxide,4993.2,56547,172499,99.65945646
2004,49,Carbon monoxide,2167.9,24718,46467,99.79948454
2004,50,Carbon monoxide,461.9,5241,16079,99.40059347
2004,51,Carbon monoxide,2426.7,27304,101285,99.7678487
2004,53,Carbon monoxide,4341.5,49413,76205,99.81735303
2004,54,Carbon monoxide,1189,13518,33355,99.84051724
2004,55,Carbon monoxide,453.5,5141,16956,99.64739069
2004,56,Carbon monoxide,38.6,417,2534,99.60377358
2004,72,Carbon monoxide,1089.5,12396,12475,99.95961538
2005,1,Carbon monoxide,1385.2,15575,25917,99.89546716
2005,2,Carbon monoxide,1347.7,15318,19778,99.76634383
2005,4,Carbon monoxide,5530.2,63017,132464,99.66197183
2005,5,Carbon monoxide,209.5,2375,8713,99.73901099
2005,6,Carbon monoxide,19576.7,220151,697105,99.44761709
2005,8,Carbon monoxide,4109.6,46882,117908,99.75228426
2005,9,Carbon monoxide,1278.8,14540,26255,99.72196901
2005,10,Carbon monoxide,414.6,4654,17400,99.72489684
2005,11,Carbon monoxide,812.5,9264,17413,99.93663912
2005,12,Carbon monoxide,5401.6,61388,177743,99.63567873
2005,13,Carbon monoxide,718.4,8231,25871,99.62569316
2005,15,Carbon monoxide,521.1,5889,20965,99.49202733
2005,16,Carbon monoxide,972.3,11070,17378,99.87310345
2005,17,Carbon monoxide,2383.9,27239,68627,99.80593368
2005,18,Carbon monoxide,2069.1,23501,67861,99.80727144
2005,19,Carbon monoxide,871.9,9604,44539,99.8267886
2005,20,Carbon monoxide,931.5,10499,32464,99.75368732
2005,21,Carbon monoxide,552.3,6264,17312,99.77040111
2005,22,Carbon monoxide,672.6,7632,22137,99.71567568
2005,23,Carbon monoxide,132.5,1331,11109,98.48085106
2005,24,Carbon monoxide,418.2,4718,16495,99.7532656
2005,25,Carbon monoxide,968.8,10849,42141,99.42582106
2005,26,Carbon monoxide,1259.5,13984,64534,99.59074074
2005,27,Carbon monoxide,1350.8,14981,60082,99.81698565
2005,28,Carbon monoxide,220.5,2499,8556,99.58100559
2005,29,Carbon monoxide,1021.1,11510,37241,99.85263835
2005,30,Carbon monoxide,1954.3,22175,53970,99.6804078
2005,31,Carbon monoxide,636,7255,19400,99.79382716
2005,32,Carbon monoxide,5678.8,64470,131327,99.85291971
2005,33,Carbon monoxide,536.7,6108,16848,99.71590909
2005,34,Carbon monoxide,3224.6,36662,92665,99.76847545
2005,35,Carbon monoxide,2073.2,23347,84012,99.67226651
2005,36,Carbon monoxide,2403.9,27157,93746,99.36555584
2005,37,Carbon monoxide,1578.7,17873,47199,99.4759737
2005,39,Carbon monoxide,3578.6,40787,126157,99.70694234
2005,40,Carbon monoxide,753.8,8141,42164,99.65002836
2005,41,Carbon monoxide,3089.1,35174,57820,99.84003315
2005,42,Carbon monoxide,4332.3,48095,206590,99.8013913
2005,44,Carbon monoxide,422.7,4791,14281,97.87006579
2005,45,Carbon monoxide,633.9,6969,31401,99.42021277
2005,47,Carbon monoxide,1486.6,16919,43138,99.52325581
2005,48,Carbon monoxide,4922.7,55661,177077,99.65140465
2005,49,Carbon monoxide,2037.3,23241,44757,99.83190578
2005,50,Carbon monoxide,405.5,4603,16254,99.01315789
2005,51,Carbon monoxide,2112.8,23834,86066,99.75132128
2005,53,Carbon monoxide,4363.6,49656,79035,99.88201395
2005,54,Carbon monoxide,562.3,6218,25978,99.85332103
2005,55,Carbon monoxide,377.1,4232,15792,99.6969697
2005,56,Carbon monoxide,106.5,1102,7916,99.64652568
2005,72,Carbon monoxide,1073.7,12218,14224,99.84537815
2006,1,Carbon monoxide,1515.6,16965,26073,99.85018382
2006,2,Carbon monoxide,1691,19220,29122,99.62233169
2006,4,Carbon monoxide,5152.5,58634,132533,99.76838302
2006,5,Carbon monoxide,269.9,3091,8705,99.92011019
2006,6,Carbon monoxide,16763.3,188890,584203,99.39234821
2006,8,Carbon monoxide,3636.3,41450,117479,99.81545677
2006,9,Carbon monoxide,1111.5,12633,25730,99.82122905
2006,10,Carbon monoxide,358.7,4002,17042,99.73033708
2006,11,Carbon monoxide,838.6,9539,17462,99.94230769
2006,12,Carbon monoxide,5094.6,57788,175409,99.62745365
2006,13,Carbon monoxide,705.8,8055,25924,99.37074517
2006,15,Carbon monoxide,483.3,5346,20782,99.64556962
2006,16,Carbon monoxide,320.6,3651,8432,99.80965909
2006,17,Carbon monoxide,2100.9,23949,68746,99.84001394
2006,18,Carbon monoxide,2031.9,23047,67534,99.81908478
2006,19,Carbon monoxide,641.7,7103,34433,99.7705146
2006,20,Carbon monoxide,713.9,7999,28032,99.82820513
2006,21,Carbon monoxide,638.4,7285,16983,99.94632768
2006,22,Carbon monoxide,213.7,2402,9277,99.62371134
2006,23,Carbon monoxide,209.7,2101,18289,97.94987147
2006,24,Carbon monoxide,455.5,5198,16286,99.64464023
2006,25,Carbon monoxide,1014.8,11508,42282,99.53276836
2006,26,Carbon monoxide,985.7,10946,52940,99.76616915
2006,27,Carbon monoxide,1178.9,12932,60620,99.71654165
2006,29,Carbon monoxide,938.9,10465,39625,99.75951662
2006,30,Carbon monoxide,1599.4,18144,46754,99.59662577
2006,31,Carbon monoxide,541.5,6174,16930,99.77652051
2006,32,Carbon monoxide,4721.8,53623,116130,99.78840998
2006,33,Carbon monoxide,519,5902,17270,99.80305132
2006,34,Carbon monoxide,2617.2,29771,91912,99.65391621
2006,35,Carbon monoxide,1941.5,21741,81006,99.71137371
2006,36,Carbon monoxide,2221,25068,91703,99.32206914
2006,37,Carbon monoxide,1828.2,20730,59086,99.35189669
2006,39,Carbon monoxide,2941.6,33387,118834,99.70600081
2006,40,Carbon monoxide,634.7,6930,33324,99.67695621
2006,41,Carbon monoxide,1710.7,19738,38763,99.88620903
2006,42,Carbon monoxide,4071.2,44967,199168,99.80312688
2006,44,Carbon monoxide,429.7,4851,14984,98.01255887
2006,45,Carbon monoxide,706.2,7864,33731,99.5368272
2006,47,Carbon monoxide,1410.1,16006,42924,99.36055556
2006,48,Carbon monoxide,4642.1,52316,185835,99.69267413
2006,49,Carbon monoxide,1588.9,18142,38385,99.83583021
2006,50,Carbon monoxide,357,4042,16159,99.15905744
2006,51,Carbon monoxide,1908.7,21512,80145,99.77173588
2006,53,Carbon monoxide,2233.9,25459,46600,99.77646454
2006,54,Carbon monoxide,476.3,5164,26259,99.9196347
2006,55,Carbon monoxide,155,1706,8129,99.61764706
2006,56,Carbon monoxide,108.3,1088,8598,99.79108635
2006,72,Carbon monoxide,986.3,11230,15035,99.9138756
2007,1,Carbon monoxide,1097.6,12376,23779,99.87802419
2007,2,Carbon monoxide,1355.3,15417,24677,99.72744908
2007,4,Carbon monoxide,4402.8,50114,130493,99.67296059
2007,6,Carbon monoxide,15259.9,171400,569112,99.48510656
2007,8,Carbon monoxide,2246.1,25542,77741,99.69836873
2007,9,Carbon monoxide,859.7,9709,21255,99.61979753
2007,10,Carbon monoxide,291,3157,16876,99.59773371
2007,11,Carbon monoxide,783,8908,17174,99.94134078
2007,12,Carbon monoxide,4301.7,48730,160805,99.70535714
2007,13,Carbon monoxide,578.3,6549,25332,99.66855524
2007,15,Carbon monoxide,310.6,3403,17050,99.63814867
2007,16,Carbon monoxide,201.8,2296,6135,99.8515625
2007,17,Carbon monoxide,1794.2,20406,68780,99.78481894
2007,18,Carbon monoxide,1615.1,18273,59494,99.83568264
2007,19,Carbon monoxide,154.6,1750,7801,99.70552147
2007,20,Carbon monoxide,583.8,6593,22743,99.85458377
2007,21,Carbon monoxide,563.2,6420,16871,99.70921986
2007,22,Carbon monoxide,184,2101,8297,99.62824207
2007,23,Carbon monoxide,178.2,1793,19438,98.89133089
2007,24,Carbon monoxide,520.5,5946,16945,99.58392102
2007,25,Carbon monoxide,827.8,9257,42857,99.70407594
2007,26,Carbon monoxide,301.8,3297,18520,99.31274131
2007,27,Carbon monoxide,1138.3,12495,60653,99.73164957
2007,29,Carbon monoxide,768.5,8592,34776,99.86147484
2007,30,Carbon monoxide,1094.7,12375,38332,99.70162297
2007,31,Carbon monoxide,419.8,4786,14892,99.75723473
2007,32,Carbon monoxide,4125.8,46726,112241,99.58858603
2007,33,Carbon monoxide,447.7,5123,16917,99.5579096
2007,34,Carbon monoxide,1962.6,22271,85521,99.64709172
2007,35,Carbon monoxide,1390.9,15538,61574,98.11395794
2007,36,Carbon monoxide,1577.9,17754,75449,99.42156863
2007,37,Carbon monoxide,1548.7,17489,57386,99.42245322
2007,39,Carbon monoxide,2796.7,31632,117949,99.72646104
2007,40,Carbon monoxide,644.5,7050,33459,99.58
2007,41,Carbon monoxide,1215,13826,34313,99.90915444
2007,42,Carbon monoxide,3804.6,41874,196450,99.7844691
2007,44,Carbon monoxide,258.3,2837,11922,97.0234375
2007,45,Carbon monoxide,626.4,6991,33726,99.45152159
2007,47,Carbon monoxide,1104.5,12524,43444,99.29786067
2007,48,Carbon monoxide,4293.9,48197,184759,99.66675298
2007,49,Carbon monoxide,1533,17536,37998,99.88895899
2007,50,Carbon monoxide,378.7,4314,15738,99.05589124
2007,51,Carbon monoxide,1585.5,17641,77301,99.8097304
2007,53,Carbon monoxide,817.2,9328,16812,99.6458037
2007,54,Carbon monoxide,495.4,5451,25611,99.917603
2007,55,Carbon monoxide,10.7,112,739,99.32258065
2007,56,Carbon monoxide,108.5,1088,8635,99.94166667
2007,72,Carbon monoxide,879.2,9998,15606,99.73159509
2008,1,Carbon monoxide,1163.9,13132,25271,99.8056872
2008,2,Carbon monoxide,1238.9,14096,20971,99.74657534
2008,4,Carbon monoxide,3647.8,41308,130454,99.7346789
2008,6,Carbon monoxide,14494,162577,580018,99.45609054
2008,8,Carbon monoxide,1965.2,22321,75148,99.78202677
2008,9,Carbon monoxide,712.6,8104,17144,99.76675978
2008,10,Carbon monoxide,281.3,3049,17078,99.80084151
2008,11,Carbon monoxide,790.1,9002,17470,99.85048011
2008,12,Carbon monoxide,2634.9,29598,110637,99.58651977
2008,13,Carbon monoxide,428.9,4805,21847,99.70317634
2008,15,Carbon monoxide,273.8,3013,15870,98.24962853
2008,16,Carbon monoxide,264.2,3009,6241,99.63218391
2008,17,Carbon monoxide,1702.3,19320,69210,99.85283934
2008,18,Carbon monoxide,1353.3,15239,49344,99.61579457
2008,19,Carbon monoxide,142.1,1610,8443,99.94034091
2008,20,Carbon monoxide,583.3,6579,25895,99.90277778
2008,21,Carbon monoxide,407.4,4639,16498,99.77068215
2008,22,Carbon monoxide,147.6,1659,8448,99.71671388
2008,23,Carbon monoxide,111.8,1122,14912,98.93949045
2008,24,Carbon monoxide,435.7,4978,16400,99.6122449
2008,25,Carbon monoxide,893.7,9999,42835,99.54266592
2008,26,Carbon monoxide,189.8,2048,12083,99.30374753
2008,27,Carbon monoxide,863.8,9305,51649,99.76958739
2008,29,Carbon monoxide,614.8,6751,34850,99.86726272
2008,30,Carbon monoxide,877.9,10027,30559,99.71260767
2008,31,Carbon monoxide,212.2,2430,8706,99.93112948
2008,32,Carbon monoxide,3427.2,38683,103097,99.48494673
2008,33,Carbon monoxide,219.7,2481,8679,99.89779006
2008,34,Carbon monoxide,1841.4,20741,88260,99.68799133
2008,35,Carbon monoxide,812.4,9105,31966,97.36695906
2008,36,Carbon monoxide,1332.9,14803,71336,99.37545971
2008,37,Carbon monoxide,1260.6,14170,52705,99.27893309
2008,39,Carbon monoxide,2298.7,25787,100646,99.72794293
2008,40,Carbon monoxide,538.5,5882,29214,99.77459016
2008,41,Carbon monoxide,997.7,11364,34084,99.87060478
2008,42,Carbon monoxide,2880.4,31095,172471,99.75374792
2008,44,Carbon monoxide,119,1269,7348,97.50955414
2008,45,Carbon monoxide,257,2759,17379,99.60385144
2008,47,Carbon monoxide,634.6,7002,34211,99.54399441
2008,48,Carbon monoxide,3793.3,41928,182596,99.62249574
2008,49,Carbon monoxide,1226.8,13998,36335,99.86543536
2008,50,Carbon monoxide,350.6,3964,16872,99.43564356
2008,51,Carbon monoxide,1396.9,15406,76698,99.74250936
2008,53,Carbon monoxide,671.5,7666,17241,99.9123783
2008,54,Carbon monoxide,503.2,5563,26144,99.84784601
2008,56,Carbon monoxide,107.8,1080,8587,99.94134078
2008,72,Carbon monoxide,849.4,9656,16343,99.70131772
